filename,Condition,headYaw,headPitch,gazeYaw,gazePitch,LargeImageURL,rater_judgment,notes,face-orien,gaze
arcPC0001-021(S),Ukiyoe,15.69904359,46.35228563,-7.964113352,47.89927167,https://www.arc.ritsumei.ac.jp/archive01/theater/image/PB/arc/Postcards/arcPC/arcPC0001/arcPC0001-021(S).jpg,plausible,,right,avert
arcUP4249,Ukiyoe,-12.71966305,17.99087477,4.7555497,22.57453713,https://www.arc.ritsumei.ac.jp/archive01/theater/image/PB/arc/Prints/arcUP/arcUP4249.jpg,unsure,ukiyo-e neko-me (stylized cross-eyed expression); resolved by discussion,left,avert
arcUP4461,Ukiyoe,-18.33464944,38.90383429,16.95955074,38.90383429,https://www.arc.ritsumei.ac.jp/archive01/theater/image/PB/arc/Prints/arcUP/arcUP4461.jpg,plausible,,left,avert
arcUP4565(F),Ukiyoe,24.46529785,-2.807493196,-18.449241,0.859436693,https://www.arc.ritsumei.ac.jp/archive01/theater/image/PB/arc/Prints/arcUP/arcUP4565(F).jpg,plausible,,right,avert
arcUP4574,Ukiyoe,-24.00693162,46.29498985,26.06957968,45.32096159,https://www.arc.ritsumei.ac.jp/archive01/theater/image/PB/arc/Prints/arcUP/arcUP4574.jpg,plausible,,left,avert
arcUP4591,Ukiyoe,21.88698777,40.5654119,-24.57988941,37.24225668,https://www.arc.ritsumei.ac.jp/archive01/theater/image/PB/arc/Prints/arcUP/arcUP4591.jpg,plausible,,right,avert
arcUP5244,Ukiyoe,-42.28428528,-8.479775368,34.43476349,2.062648062,https://www.arc.ritsumei.ac.jp/archive01/theater/image/PB/arc/Prints/arcUP/arcUP5244.jpg,plausible,,left,avert
arcUY0103,Ukiyoe,47.44090544,19.0221988,-32.08563653,16.04281826,https://www.arc.ritsumei.ac.jp/archive01/theater/image/PB/arc/Prints/arcUY/arcUY0103.jpg,unsure,ukiyo-e neko-me (stylized cross-eyed expression); resolved by discussion,right,direct
arcUP5094(P),Ukiyoe,23.4912696,37.87251026,-29.27814333,37.87251026,https://www.arc.ritsumei.ac.jp/archive01/theater/image/PB/arc/Prints/arcUP/arcUP5094(P).jpg,plausible,,right,avert
arcUP6838,Ukiyoe,18.62112834,3.953408786,-13.52180397,18.90760724,https://www.arc.ritsumei.ac.jp/archive01/theater/image/PB/arc/Prints/arcUP/arcUP6838.jpg,plausible,,right,avert
arcUY0185,Ukiyoe,23.43397382,44.175046,-19.93893127,40.33622878,https://www.arc.ritsumei.ac.jp/archive01/theater/image/PB/arc/Prints/arcUY/arcUY0185.jpg,plausible,,right,avert
arcUY0212,Ukiyoe,77.29200656,-28.64788976,-53.11318761,24.69448097,https://www.arc.ritsumei.ac.jp/archive01/theater/image/PB/arc/Prints/arcUY/arcUY0212.jpg,plausible,,left,avert
arcUY0224,Ukiyoe,24.57988941,35.46608752,-14.553128,27.33008683,https://www.arc.ritsumei.ac.jp/archive01/theater/image/PB/arc/Prints/arcUY/arcUY0224.jpg,plausible,,right,avert
arcUP5188(P),Ukiyoe,-38.78924273,-1.833464944,29.56462223,12.83425461,https://www.arc.ritsumei.ac.jp/archive01/theater/image/PB/arc/Prints/arcUP/arcUP5188(P).jpg,plausible,,left,avert
arcUP5383,Ukiyoe,-43.37290509,7.964113352,35.92445375,12.37588837,https://www.arc.ritsumei.ac.jp/archive01/theater/image/PB/arc/Prints/arcUP/arcUP5383.jpg,plausible,,left,avert
arcUP5588,Ukiyoe,-15.46986047,3.380450991,20.16811439,4.984732818,https://www.arc.ritsumei.ac.jp/archive01/theater/image/PB/arc/Prints/arcUP/arcUP5588.jpg,plausible,,left,avert
arcUP4881,Ukiyoe,4.526366582,14.09476176,-7.10467666,15.12608579,https://www.arc.ritsumei.ac.jp/archive01/theater/image/PB/arc/Prints/arcUP/arcUP4881.jpg,plausible,,direct,avert
arcUY0157,Ukiyoe,33.23155212,35.8098622,-20.56918485,30.53865048,https://www.arc.ritsumei.ac.jp/archive01/theater/image/PB/arc/Prints/arcUY/arcUY0157.jpg,plausible,,right,avert
arcUY0125,Ukiyoe,41.19566547,28.47600242,-33.80450991,27.9603404,https://www.arc.ritsumei.ac.jp/archive01/theater/image/PB/arc/Prints/arcUY/arcUY0125.jpg,unsure,ukiyo-e neko-me (stylized cross-eyed expression); resolved by discussion,right,avert
arcUY0011,Ukiyoe,31.85645341,31.74186185,-24.00693162,24.63718519,https://www.arc.ritsumei.ac.jp/archive01/theater/image/PB/arc/Prints/arcUY/arcUY0011.jpg,plausible,,right,avert
01amerba,Renaissance,35.58067908,18.16276211,-28.2468193,23.60586116,https://www.wga.hu/html/h/holbein/hans_y/1525/01amerba.html,plausible,,right,avert
1erasmus,Renaissance,33.40343946,3.49504255,-27.55926995,13.92287442,https://www.wga.hu/html/h/holbein/hans_y/3miniatu/1erasmus.html,plausible,,right,avert
01berck,Renaissance,7.849521793,32.08563653,-5.614986392,31.85645341,https://www.wga.hu/html/h/holbein/hans_y/1543/01berck.html,plausible,,direct,direct
01castig,Renaissance,16.15740982,20.56918485,-7.391155557,21.82969199,https://www.wga.hu/html/r/raphael/5roma/3/01castig.html,plausible,,right,direct
01father,Renaissance,26.47065014,26.81442481,-11.17267701,31.28349561,https://www.wga.hu/html/d/durer/1/02/01father.html,plausible,,right,direct
01fillas1,Renaissance,23.31938226,17.70439587,-18.96490302,19.42326925,https://www.wga.hu/html/w/weyden/rogier/16portra/01fillas1.html,plausible,,right,avert
1donor,Renaissance,-77.12011922,42.2269895,37.64332714,22.00157933,https://www.wga.hu/html/g/ghirland/domenico/5sassett/1donor.html,plausible,,left,avert
1holzha3,Renaissance,23.83504428,21.94428355,-22.68912869,28.07493196,https://www.wga.hu/html/f/faber/1holzha3.html,plausible,,right,avert
01luthe2,Renaissance,-17.93357899,18.04817055,16.5011845,26.41335436,https://www.wga.hu/html/c/cranach/lucas_e/13/01luthe2.html,plausible,,left,avert
1gros2,Renaissance,23.03290336,19.13679036,-20.85566374,25.26743877,https://www.wga.hu/html/w/weyden/rogier/15podipt/1gros2.html,plausible,,right,avert
1holzha2,Renaissance,-26.18417124,17.93357899,26.64253747,24.29341051,https://www.wga.hu/html/f/faber/1holzha2.html,plausible,,left,avert
1lady,Renaissance,20.11081861,26.0122839,-24.35070629,30.30946736,https://www.wga.hu/html/m/master/flemalle/2/1lady.html,plausible,,right,avert
1musicia,Renaissance,-27.27279105,19.76704393,22.68912869,24.80907253,https://www.wga.hu/html/l/leonardo/03/1musicia.html,plausible,,left,avert
1man,Renaissance,-19.88163549,18.33464944,20.9702553,23.37667804,https://www.wga.hu/html/m/master/flemalle/2/1man.html,plausible,,left,avert
1philip,Renaissance,-24.75177675,26.87172059,14.20935332,30.02298846,https://www.wga.hu/html/m/mor/1philip.html,plausible,,left,direct
01portma,Renaissance,26.58524169,17.70439587,-24.52259363,27.44467839,https://www.wga.hu/html/t/tiziano/10/21/01portma.html,plausible,,right,avert
01popeju,Renaissance,-20.51188907,27.33008683,18.90760724,31.62727029,https://www.wga.hu/html/t/tiziano/10/22/01popeju.html,plausible,,left,avert
01princ1,Renaissance,-10.14135297,25.03825565,0.744845134,28.13222774,https://www.wga.hu/html/c/cranach/lucas_e/12/01princ1.html,plausible,,left,direct
1self28,Renaissance,1.833464944,24.0642274,-1.489690267,24.98095987,https://www.wga.hu/html/d/durer/1/03/1self28.html,plausible,,direct,direct
1wedigh,Renaissance,-21.94428355,24.40800207,9.854874076,29.33543911,https://www.wga.hu/html/h/holbein/hans_y/1535/1wedigh.html,plausible,,left,direct
01woman,Renaissance,16.27200138,12.94884617,-0.916732472,17.58980431,https://www.wga.hu/html/c/carpacci/5/01woman.html,plausible,,right,direct
01young,Renaissance,24.52259363,24.63718519,-24.12152318,29.27814333,https://www.wga.hu/html/c/cranach/lucas_e/11/01young.html,plausible,,right,avert
01youngm,Renaissance,21.60050888,15.12608579,-6.589014644,21.31402998,https://www.wga.hu/html/r/raphael/5roma/3/01youngm.html,plausible,,right,direct
2busts2,Renaissance,20.45459329,10.59971921,-9.511099399,20.22541017,https://www.wga.hu/html/a/arcimbol/2portrai/2busts2.html,plausible,,right,direct
2busts5,Renaissance,14.09476176,13.17802929,-5.500394833,22.97560758,https://www.wga.hu/html/a/arcimbol/2portrai/2busts5.html,plausible,,right,direct
2busts6,Renaissance,-11.00078967,11.97481792,12.71966305,20.85566374,https://www.wga.hu/html/a/arcimbol/2portrai/2busts6.html,plausible,,left,avert
5empero1,Renaissance,35.35149596,12.08940948,-24.17881895,21.19943842,https://www.wga.hu/html/d/durer/1/09/5empero1.html,plausible,,right,avert
08geiler,Renaissance,-20.51188907,22.91831181,20.56918485,32.31481965,https://www.wga.hu/html/c/cranach/lucas_e/12/08geiler.html,plausible,,left,avert
2selfpo1,Renaissance,10.65701499,29.16355177,-7.04738088,29.10625599,https://www.wga.hu/html/p/perugino/cambio/2selfpo1.html,plausible,,right,direct
2selfpo2,Renaissance,9.912169856,15.58445203,-3.781521448,23.26208648,https://www.wga.hu/html/p/perugino/cambio/2selfpo2.html,plausible,,right,direct
36montef,Renaissance,5.443099054,24.52259363,1.20321137,31.11160828,https://www.wga.hu/html/r/raphael/2firenze/2/36montef.html,plausible,,direct,direct
gouffier,Renaissance,19.70974815,16.90225496,-7.10467666,24.29341051,https://www.wga.hu/html/c/clouet/francois/gouffier.html,plausible,,right,direct
port_you,Renaissance,-21.65780466,8.708958486,9.110028943,13.00614195,https://www.wga.hu/html/p/parmigia/1/port_you.html,plausible,,left,direct
perugino,Renaissance,9.39650784,18.50653678,-0.916732472,21.08484686,https://www.wga.hu/html/l/lorenzo/credi/perugino.html,plausible,,right,direct
zelle,Renaissance,19.25138192,27.10090371,-14.553128,28.13222774,https://www.wga.hu/html/o/orley/zelle.html,plausible,,right,direct
pendant2,Renaissance,19.70974815,21.5432131,-8.766254266,25.725805,https://www.wga.hu/html/b/bettes/john2/pendant2.html,plausible,,right,direct
youngboy,Renaissance,15.18338157,37.41414402,-6.589014644,38.0443976,https://www.wga.hu/html/d/delff/jacob1/youngboy.html,plausible,,right,direct
zmargare,Renaissance,-7.04738088,25.78310078,7.849521793,29.56462223,https://www.wga.hu/html/o/orley/zmargare.html,plausible,,left,avert
porgreen,Renaissance,10.88619811,29.73650957,-1.604281826,28.59059398,https://www.wga.hu/html/b/bronzino/2/porgreen.html,plausible,,right,direct
port_boy,Renaissance,15.58445203,36.66929889,-5.443099054,39.93515832,https://www.wga.hu/html/p/puligo/port_boy.html,plausible,,right,direct
saints1,Religion,-21.42862154,39.93515832,17.70439587,38.50276383,https://www.wga.hu/frames-e.html?/html/g/giovanni/paolo/3/saints1.html,plausible,,left,direct
01b-34john,Religion,19.53786081,-15.46986047,-16.61577606,-4.010704566,https://www.wga.hu/html/t/tiziano/01b/34john.html,plausible,,right,avert
new_test-03paul,Religion,-0.114591559,8.938141604,7.161972439,6.875493542,https://www.wga.hu/html/g/giotto/assisi/upper/new_test/03paul.html,plausible,,direct,direct
luca-st_john,Religion,4.068000345,20.9702553,7.219268219,21.65780466,https://www.wga.hu/html/l/luca/st_john.html,plausible,,direct,avert
6other-2peter,Religion,-24.80907253,24.80907253,28.30411508,30.53865048,https://www.wga.hu/html/s/simone/4altars/6other/2peter.html,plausible,,left,avert
carlo-candele2,Religion,22.28805823,16.55848028,-14.95419845,18.62112834,https://www.wga.hu/html/c/crivelli/carlo/candele2.html,plausible,,right,avert
monteoli-sorrow,Religion,-19.88163549,23.7777485,14.49583222,21.77239621,https://www.wga.hu/html/s/sodoma/monteoli/sorrow.html,plausible,,left,avert
new_test-04peter,Religion,-2.062648062,11.4591559,-4.182591904,8.479775368,https://www.wga.hu/html/g/giotto/assisi/upper/new_test/04peter.html,plausible,,left,direct
saints-1monica,Religion,-0.286478898,36.26822843,1.546986047,35.35149596,https://www.wga.hu/html/g/gozzoli/4gimigna/saints/1monica.html,plausible,,direct,direct
sebastia-organ4,Religion,52.0245678,29.73650957,-32.08563653,20.22541017,https://www.wga.hu/html/s/sebastia/organ4.html,plausible,,right,avert
venezian-polypti2,Religion,-30.1948758,29.85110113,25.21014299,32.94507322,https://www.wga.hu/html/p/paolo/venezian/polypti2.html,plausible,,left,avert
04_1540s-2baptist,Religion,23.14749492,21.02755108,-16.32929716,26.24146702,https://www.wga.hu/html/t/tiziano/04_1540s/2baptist.html,plausible,,right,avert
1-26apple,Religion,13.57909974,26.81442481,-5.500394833,31.39808717,https://www.wga.hu/html/r/raphael/2firenze/1/26apple.html,plausible,,right,direct
1-2august4,Religion,11.40186012,26.92901637,-7.505747116,32.31481965,https://www.wga.hu/html/p/piero/1/2august4.html,plausible,,right,direct
1-3pinnac1,Religion,20.28270595,26.35605858,-21.71510044,27.84574884,https://www.wga.hu/html/u/ugolino/nerio/1/3pinnac1.html,plausible,,right,avert
2-f_martyr,Religion,-18.33464944,32.31481965,12.37588837,32.02834075,https://www.wga.hu/html/l/luini/father/2/f_martyr.html,plausible,,left,avert
2cambrid-1poly3,Religion,-5.90146529,27.38738261,3.896113007,28.18952352,https://www.wga.hu/html/s/simone/4altars/2cambrid/1poly3.html,plausible,,direct,direct
6other-1ansanus,Religion,-5.90146529,24.0642274,7.10467666,24.75177675,https://www.wga.hu/html/s/simone/4altars/6other/1ansanus.html,plausible,,direct,direct
carlo-st_roch,Religion,-5.271211715,45.26366582,5.90146529,44.34693334,https://www.wga.hu/html/c/crivelli/carlo/st_roch.html,plausible,,direct,direct
giovanni-virgin,Religion,20.6837764,22.63183291,-7.448451337,29.16355177,https://www.wga.hu/html/p/pietro/giovanni/virgin.html,plausible,,right,direct
nicolas-younglad,Post_Renaissance,20.39729751,21.19943842,-14.43853644,19.99622705,https://www.wga.hu/html/l/lepicie/nicolas/younglad.html,plausible,,right,avert
hoppner-pratt,Post_Renaissance,-23.60586116,15.69904359,17.58980431,19.76704393,https://www.wga.hu/html/h/hoppner/pratt.html,plausible,,left,avert
reynolds-dartmout,Post_Renaissance,11.51645168,32.08563653,-8.021409132,30.99701672,https://www.wga.hu/html/r/reynolds/dartmout.html,plausible,,right,direct
borsos-1borsos,Post_Renaissance,-19.93893127,18.39194522,16.27200138,22.51724135,https://www.wga.hu/html/b/borsos/1borsos.html,plausible,,left,avert
zoffany-prince_e,Post_Renaissance,-37.64332714,16.27200138,28.18952352,19.70974815,https://www.wga.hu/html/z/zoffany/prince_e.html,plausible,,left,avert
1-early23,Post_Renaissance,-17.13143807,25.26743877,12.94884617,25.15284721,https://www.wga.hu/html/d/degas/1/early23.html,plausible,,left,direct
lawrence-milner,Post_Renaissance,17.87628321,18.67842412,8.766254266,22.23076245,https://www.wga.hu/html/l/lawrence/milner.html,plausible,,left,direct
vidal-the_wait,Post_Renaissance,15.98552248,17.30332541,-3.724225668,18.62112834,https://www.wga.hu/html/v/vidal/the_wait.html,plausible,,right,direct
cosway-m_franks,Post_Renaissance,14.8396069,17.76169165,-9.2246205,15.584452,https://www.wga.hu/html/c/cosway/m_franks.html,plausible,,right,direct
jeanbern-architec,Post_Renaissance,9.797578297,29.90839691,3.55233833,29.79380535,https://www.wga.hu/html/r/restout/jeanbern/architec.html,plausible,,right,direct
1-15early,Post_Renaissance,-15.24067735,14.38124066,8.537071147,20.56918485,https://www.wga.hu/html/t/toulouse/1/15early.html,plausible,,left,direct
greuze-selfporx,Post_Renaissance,-13.63639552,3.953408786,8.078704911,11.86022636,https://www.wga.hu/html/g/greuze/selfporx.html,plausible,,left,direct
corot-corot07,Post_Renaissance,-9.39650784,29.85110113,3.380450991,30.53865048,https://www.wga.hu/html/c/corot/corot07.html,plausible,,left,direct
labille-pinkdres,Post_Renaissance,12.08940948,12.49047993,-1.661577606,14.15205754,https://www.wga.hu/html/l/labille/pinkdres.html,plausible,,right,direct
puccinel-portrait,Post_Renaissance,-2.635605858,24.23611473,5.500394833,29.96569269,https://www.wga.hu/html/p/puccinel/portrait.html,plausible,,direct,direct
greuze-portwill,Post_Renaissance,-14.03746598,8.651662706,17.64710009,15.18338157,https://www.wga.hu/html/g/greuze/portwill.html,plausible,,left,avert
louis-diderot,Post_Renaissance,11.63104324,17.64710009,-14.553128,24.12152318,https://www.wga.hu/html/l/loo/louis/diderot.html,plausible,,right,avert
cosway-carpente,Post_Renaissance,-3.323155212,28.36141086,0.802140913,31.22619983,https://www.wga.hu/html/c/cosway/carpente.html,plausible,,direct,direct
largilli-la_belle,Post_Renaissance,8.651662706,31.34079139,-6.073352628,29.56462223,https://www.wga.hu/html/l/largilli/la_belle.html,plausible,,right,direct
10-portra11,Post_Renaissance,31.97104497,19.0221988,-20.6837764,26.06957968,https://www.wga.hu/html/g/gogh_van/10/portra11.html,plausible,,right,avert
