Condition,headYaw,headPitch,gazeYaw,gazePitch,rand,ID,Confidence2
Ukiyo-e,65.31718864,-0.630253575,-39.82056676,10.82890233,0.150852645,1,1
Ukiyo-e,26.2987628,40.62270767,-27.27279105,37.29955246,0.824292091,2,1
Ukiyo-e,18.62112834,40.62270767,-8.021409132,41.31025703,0.380594048,3,1
Ukiyo-e,-26.64253747,22.00157933,19.13679036,24.17881895,0.678328554,4,2
Ukiyo-e,-47.555497,3.323155212,34.03369303,16.10011404,0.479629297,5,1
Ukiyo-e,28.41870664,22.34535401,-23.03290336,23.2047907,0.369944835,6,1
Ukiyo-e,65.14530131,-13.75098708,-28.18952352,2.521014299,0.855263545,7,1
Ukiyo-e,29.67921379,33.68991835,-31.0543125,38.61735539,0.64445309,8,1
Ukiyo-e,41.19566547,28.47600242,-33.80450991,27.9603404,0.010463461,9,1
Ukiyo-e,-22.57453713,3.609634109,8.938141604,7.620338675,0.573519995,10,2
Ukiyo-e,38.38817227,15.24067735,-30.93972094,21.77239621,0.621930944,11,1
Ukiyo-e,33.23155212,35.8098622,-20.56918485,30.53865048,0.915122507,12,1
Ukiyo-e,17.24602963,37.70062292,-9.969465635,34.20558037,0.078381075,13,1
Ukiyo-e,64.85882241,-4.640958141,-47.15442654,13.29262085,0.780303952,14,1
Ukiyo-e,48.70141259,4.927437038,-32.37211542,13.52180397,0.46781439,15,1
Ukiyo-e,27.6738615,27.73115728,-16.44388872,25.38203032,0.068952,16,2
Ukiyo-e,-27.38738261,19.25138192,24.57988941,24.63718519,0.22899516,17,1
Ukiyo-e,32.54400276,39.76327098,-23.94963584,47.2690181,0.386609961,18,1
Ukiyo-e,33.40343946,56.43634282,-40.22163722,48.30034213,0.255379829,19,1
Ukiyo-e,-15.46986047,-4.526366582,7.276563998,0,0.531602408,20,1
Post_Renaissance,20.39729751,21.19943842,-14.43853644,19.99622705,0.223002161,1,1
Post_Renaissance,-23.60586116,15.69904359,17.58980431,19.76704393,0.215078356,2,1
Post_Renaissance,11.51645168,14.43853644,-11.97481792,14.66771956,0.054449335,3,1
Post_Renaissance,-19.93893127,18.39194522,16.27200138,22.51724135,0.28963291,4,1
Post_Renaissance,-38.33087649,23.09019914,28.47600242,22.68912869,0.625822353,5,1
Post_Renaissance,-17.13143807,6.818197762,8.021409132,12.26129682,0.643021316,6,1
Post_Renaissance,17.87628321,18.96490302,-13.23532507,18.16276211,0.745549085,7,1
Post_Renaissance,15.98552248,17.30332541,-3.724225668,18.62112834,0.505337876,8,1
Post_Renaissance,-12.54777571,12.77695883,11.05808545,12.43318415,0.729434605,9,1
Post_Renaissance,-9.052733163,20.91295952,1.718873385,20.62648062,0.074751518,10,1
Post_Renaissance,-4.010704566,7.906817573,3.609634109,13.23532507,0.808538406,11,1
Post_Renaissance,-19.0221988,9.052733163,12.83425461,14.66771956,0.499322664,12,1
Post_Renaissance,-9.39650784,29.85110113,3.380450991,30.53865048,0.304586911,13,1
Post_Renaissance,15.98552248,19.70974815,-8.479775368,21.31402998,0.250882757,14,1
Post_Renaissance,-2.635605858,24.23611473,5.500394833,29.96569269,0.26051278,15,1
Post_Renaissance,-14.03746598,8.651662706,17.64710009,15.18338157,0.501954992,16,1
Post_Renaissance,11.63104324,17.64710009,-14.553128,24.12152318,0.924341808,17,1
Post_Renaissance,21.2567342,11.11538123,-19.13679036,15.75633937,0.453232224,18,1
Post_Renaissance,8.651662706,31.34079139,-6.073352628,29.56462223,0.152146806,19,1
Post_Renaissance,31.97104497,19.0221988,-20.6837764,26.06957968,0.308381639,20,1
Religion,-21.42862154,39.93515832,17.70439587,38.50276383,0.120240961,1,1
Religion,19.53786081,-15.46986047,-16.61577606,-4.010704566,0.645809804,2,1
Religion,-0.114591559,8.938141604,7.161972439,6.875493542,0.109250245,3,1
Religion,4.068000345,48.9305957,-3.838817227,48.01386323,0.742832354,4,1
Religion,-5.729577951,36.09634109,4.927437038,37.7579187,0.983294073,5,1
Religion,59.24383602,19.65245237,-41.65403171,18.96490302,0.33983782,6,1
Religion,-24.80907253,24.80907253,28.30411508,30.53865048,0.00748678,7,1
Religion,-3.953408786,29.56462223,4.469070802,32.7158901,0.503651248,8,1
Religion,-2.291831181,28.07493196,3.265859432,30.65324204,0.974419664,9,1
Religion,-19.19408614,23.60586116,16.44388872,29.10625599,0.782969327,10,1
Religion,-22.63183291,23.89234006,17.47521275,23.94963584,0.97981859,11,1
Religion,15.64174781,37.64332714,-10.71431077,34.72124238,0.539418722,12,1
Religion,-6.875493542,35.17960862,6.245239967,35.86715798,0.55090706,13,1
Religion,8.995437384,44.34693334,-5.729577951,42.05510216,0.037033121,14,1
Religion,10.71431077,9.568395179,-16.95955074,9.625690958,0.232303267,15,1
Religion,-35.58067908,18.449241,24.17881895,15.98552248,0.581075405,16,1
Religion,13.80828286,28.13222774,-8.938141604,26.75712903,0.634902193,17,1
Religion,-23.83504428,0.171887339,17.01684652,-1.14591559,0.580953065,18,1
Religion,-31.97104497,29.73650957,35.17960862,33.46073524,0.396709255,19,1
Religion,11.11538123,27.21549527,-7.964113352,29.79380535,0.995914449,20,1
Renaissance,-17.07414229,38.84653851,14.03746598,38.67465117,0.00325413,1,1
Renaissance,1.833464944,33.68991835,-0.744845134,34.43476349,0.464474441,2,1
Renaissance,27.90304462,34.49205927,-27.44467839,35.75256642,0.121750141,3,1
Renaissance,-23.7777485,21.88698777,14.553128,24.98095987,0.675589536,4,1
Renaissance,29.16355177,4.068000345,-14.49583222,10.59971921,0.569215871,5,1
Renaissance,30.1948758,0.974028252,-20.91295952,10.31324031,0.126172824,6,1
Renaissance,31.28349561,23.14749492,-27.9603404,22.74642447,0.488906209,7,1
Renaissance,23.83504428,21.94428355,-22.68912869,28.07493196,0.824601983,8,1
Renaissance,11.63104324,32.20022809,-20.05352283,33.11696056,0.613109666,9,1
Renaissance,-29.04896021,13.75098708,25.84039656,21.77239621,0.587558021,10,1
Renaissance,24.0642274,30.71053782,-12.89155039,33.74721413,0.215295459,11,1
Renaissance,-23.43397382,20.39729751,25.4393261,28.99166443,0.089093263,12,1
Renaissance,20.16811439,18.90760724,-11.51645168,20.45459329,0.566704552,13,1
Renaissance,23.66315694,31.22619983,-12.54777571,33.46073524,0.028855565,14,1
Renaissance,28.70518554,-2.062648062,-24.92366409,8.307888029,0.478878706,15,1
Renaissance,-31.79915763,27.15819949,25.78310078,27.61656573,0.751905953,16,1
Renaissance,35.58067908,18.16276211,-28.2468193,23.60586116,0.325453848,17,1
Renaissance,14.38124066,-3.093972094,-1.661577606,6.130648408,0.929503535,18,1
Renaissance,33.40343946,3.49504255,-27.55926995,13.92287442,0.648962951,19,1
Renaissance,-28.2468193,19.07949458,25.725805,25.03825565,0.986129683,20,1
Renaissance,-28.47600242,14.03746598,30.02298846,22.28805823,0.075812632,21,1
Renaissance,29.39273489,14.83960689,-25.66850922,21.37132576,0.788409272,22,1
Renaissance,16.04281826,8.594366927,-8.938141604,19.59515659,0.090033306,23,1
Renaissance,35.86715798,23.83504428,-27.55926995,29.39273489,0.361448926,24,1
Renaissance,39.01842585,23.7777485,-21.94428355,27.15819949,0.953801166,25,1
Renaissance,20.51188907,16.04281826,-13.86557864,25.03825565,0.596221263,26,1
Renaissance,21.2567342,24.29341051,-18.50653678,20.79836796,0.748229772,27,1
Renaissance,22.57453713,19.48056503,-11.91752214,21.71510044,0.595614978,28,1
Renaissance,40.10704566,26.2987628,-30.65324204,27.90304462,0.125514196,29,1
Renaissance,15.29797313,33.68991835,-3.609634109,33.2888479,0.723862235,30,1
Renaissance,-7.448451337,27.90304462,6.646310424,32.48670698,0.148057826,31,1
Renaissance,26.92901637,12.54777571,-16.5011845,16.5011845,0.699828597,32,1
Renaissance,6.531718864,42.2269895,-0.343774677,43.02913041,0.716295946,33,1
Renaissance,18.62112834,20.05352283,-4.469070802,21.2567342,0.713506909,34,1
Renaissance,-0.05729578,39.53408786,-0.802140913,35.5233833,0.569336632,35,1
Renaissance,27.9603404,9.740282517,-27.21549527,18.90760724,0.350517295,36,1
Renaissance,27.6738615,13.80828286,-16.95955074,22.57453713,0.669687081,37,1
Renaissance,13.00614195,16.90225496,-0.05729578,20.05352283,0.671066278,38,1
Renaissance,-3.380450991,26.06957968,2.692901637,24.29341051,0.163522614,39,1
Renaissance,25.32473454,28.2468193,-16.2147056,34.26287615,0.968593725,40,1